"PNAME","ADDR","LAT","LNG","CATEGORY","MARKED","IMAGES","imgnumber","CONTENT","TEST"
바,서울특별시 종로구 종로5.6가동 청계천로 279,37.570405,127.008883,관광명소,1,https://lh5.googleusercontent.com/p/AF1QipNsyUSHTnfSQJ1nJEwLMnsxHLaBBtiEWOikVH24=w408-h282-k-no,8,종로에 유명한 바,1
DOM,서울특별시 강남구 삼성1동 테헤란로87길 41,37.510462,127.057572,바,2,https://lh5.googleusercontent.com/p/AF1QipN6caJt7oD22sU9xTTqA74_TmnfMLgUl6dH4-Bb=w408-h306-k-no,8,강남에서 유명한 바,1
브루클린,서울특별시 강남구 삼성동46-23,37.512611,127.055568,먹거리,2,https://lh5.googleusercontent.com/p/AF1QipMWanr47Yo9d9AH784dHwJMJ07IE-vk_BI8__Cl=w408-h272-k-no,7,강남에서 유명한 수제 버거샾,1
선정과정릉,서울특별시 강남구 선릉로 100길 1,37.602031,127.006136,관광명소,2,https://lh5.googleusercontent.com/p/AF1QipPDOLWCtfGZdiVo8hA-4VXu0_AjqgQB7OeQC9cr=w426-h240-k-no,1,선릉은 서울 시민들에게 가장 귀에 익은 능이다. 지하철 선릉역이 지나는 까닭이다. 임금의 능이기도 하지만 점심시간 전후로는 직장인들의 공원 역할도 한다. 그래서 사적 제199호인 선릉은 삼릉공원이라고도 불린다. 선릉은 조선조 9대 임금인 성종의 능과 계비인 정현왕후의 능을 말한다. 하지만 선릉에는 두 사람의 아들인 중종의 능도 있다. 중종의 무덤은 정릉이라 한다. 왜 ‘삼릉’인지를 설명해주는 대목이다. 이렇듯 역사의 체험과 피크닉을 한 장소에서 누릴 수 있는  선정릉은 인근 직장인뿐 아니라 주말에는 가볍게 나들이 나온 연인이나 가족들로 북적이는 곳이다. 접근성도 좋아 부담 없이 찾을 수 있다는 장점도 있다. 특히 벚꽃이 피는 4월에는 산책로를 따라 봄날의 화사함을 만끽하려는 이들로 더욱 북적거린다.,1
봉은사,서울특별시 강남구 봉은사로 531 봉은사,37.51532,127.057438,관광명소,2,https://lh5.googleusercontent.com/p/AF1QipP9apau2k_ffb6IUr1EHGfV4pGbR3nSxHFXsWp9=w408-h306-k-no,3,삼성역 맞은편엔 비교적 큰 규모의 사찰이 있다. 바로 봉은사다. 서울의 대표적인 사찰로 그 역사만도 1000년이 넘는다. 봉은사는 794년(원성왕 10) 연회국사가 견성사(見性寺)라는 이름으로 창건했다. 성종의 무덤인 선릉을 조성하며 사찰을 중창했고 그 때부터 봉은사라 불렀다. 그 역사만큼 역사 유물도 풍성하다. 보물 제321호 고려청동루은향로(현재 동국대학교 박물관 소장)와 추사 김정희가 쓴 판전 현판을 비롯해 ‘화엄경소’ ‘금강경’ 등의 목판본이 보존돼 있다. 봉은사는 서울 시민들에겐 더없이 좋은 휴식처다. 아울러 바쁜 현대인들에게 스스로를 돌아볼 수 있는 성찰의 기회도 제공한다. 대표적인 예가 템플스테이다. 사찰의 일상생활을 체험하고 불교의 문화와 정신을 배우는 프로그램이다. 템플스테이는 불교를 체험하는 것을 넘어 자신을 되돌아보는 기회가 될 것이다.,1
코엑스몰,서울특별시 강남구 영동대로 513 코엑스몰,37.511745,127.059329,쇼핑,2,https://lh5.googleusercontent.com/p/AF1QipMOjApElBGPB7oziCEPkSzTCfVLrHepeZ13KpfG=w408-h278-k-no,6,"코엑스몰은 아시아 최대의 지하 쇼핑 공간으로, 260여 개의 매장이 입점했다. 코엑스몰은 마치 종합 선물 상자처럼 즐기고 체험할 수 있는 것들이 다양하다. 이곳에는 국내 최대의 영화관인 메가박스, 다양한 물고기들과 환상적인 물빛 여행을 즐길 수 있는 아쿠아리움, 대형 서점 반디앤루니스가 입점해 있으며, 전시회, 세미나, 기획전을 관람할 수 있는 공간도 곳곳에 자리한다. 하지만 코엑스몰의 참 재미는 역시 쇼핑이다. 영 캐주얼, 유니섹스 캐주얼, 진 캐주얼, 이지 캐주얼, 잡화 등으로 구성된 패션 멀티 스퀘어에서는 젊은층을 겨냥한 감각적인 패션 아이템을 선보인다. 현대백화점과 바로 연결되어 있어 선택폭도 다양하다. 365일 계절이나 날씨에 상관없이 즐겁게 쇼핑할 수 있다.",1
경복궁,서울특별시 종로구 경희궁길 31,37.579796,126.977116,관광명소,0,https://lh4.googleusercontent.com/proxy/nt7K79ymAJT5qvItOP7TfPp9gTtsQcUWISmpfKZGkxTPgCnu4FEsnm3ya-0kRuYrUN4PcrMS49xJo9Nh0YMgD2EQhxvLU2ab-EdRQ2zyMfUOZ1z_OoUD4HLLywO-3usc9xBc1Dvcr9rYkf3NO7oTygIpaYVLXw=w408-h272-k-no,,"경복궁은 조선 왕조 제일의 법궁이다. 북으로 북악산을 기대어 자리 잡았고 정문인 광화문 앞으로는 넓은 육조거리(지금의 세종로)가 펼쳐져, 왕도인 한양(서울) 도시 계획의 중심이기도 하다. 1395년 태조 이성계가 창건하였고, 1592년 임진 왜란으로 불타 없어졌다가, 고종 때인 1867년 중건 되었다. 흥선대원군이 주도한 중건 경복궁은 500여 동의 건물들이 미로같이 빼곡히 들어선 웅장한 모습 이었다.

궁궐 안에는 왕과 관리들의 정무 시설, 왕족들의 생활 공간, 휴식을 위한 후원 공간이 조성되었다. 또한 왕비의 중궁, 세자의 동궁, 고종이 만든 건청궁 등 궁궐안에 다시 여러 작은 궁들이 복잡하게 모인 곳이기도 하다. 그러나 일제 강점기에 거의 대부분의 건물들을 철거하여 근정전 등 극히 일부 중심 건물만 남았고, 조선 총독부 청사를 지어 궁궐 자체를 가려버렸다. 다행히 1990년부터 본격적인 복원 사업이 추진되어 총독부 건물을 철거하고 흥례문 일원을 복원하였으며, 왕과 왕비의 침전, 동궁, 건청궁, 태원전 일원의 모습을 되찾고 있다.",
커피스미스,서울특별시 마포구 서교동 와우산로 82,37.551728,126.923575,카페,0,https://lh5.googleusercontent.com/p/AF1QipOHqP9XaPUelcL4HklCBew5isv9wm6c1mX8Jcvj=w408-h306-k-no,,,
인얼반,서울 마포구 와우산로21길 21-14,37.551769,126.922035,바,3,https://search.pstatic.net/common/?src=http%3A%2F%2Fblogfiles.naver.net%2FMjAxOTEwMzFfMTg2%2FMDAxNTcyNTAwNDA5Mjg0.Z1BtduEnbdfcJpokXYL9-UVoplx3QJ-EaN-m6YqHfz8g.YeBfC-QNXFTs8e3hYU61kykVKxM3VxP2M2Z_E3ll8pMg.JPEG.ss72377%2F10240134.JPG,8,홍대에 젊음을 느낄 수 있는 바,1
호텔레이크,서울 송파구 석촌호수로 216 호텔 레이크,37.506889,127.100992,호텔,0,https://r-cf.bstatic.com/images/hotel/max1024x768/198/198865399.jpg,,,
"그랜드워커힐
",서울 광진구 워커힐로 177 그랜드워커힐 서울,37.555278,127.110971,호텔,0,https://www.walkerhill.com/upload/image/banner/1263/12775.jpg,,,
쉐라톤서울디큐브시티호텔,서울 구로구 경인로 662 디큐브시티,37.508842,126.889834,호텔,0,https://q-cf.bstatic.com/images/hotel/max1024x768/176/176813483.jpg,,,
혹돈사,서울특별시 강남구 삼성1동 봉은사로86길 14,37.512483,127.056314,먹거리,2,https://lh5.googleusercontent.com/p/AF1QipMg0xqZ6loBphZhzuWHW3wb3xTauL3SX-qRWmgc=w408-h306-k-no,4,강남에 유명한 BBQ,1
루블랑,서울특별시 마포구 서교동 와우산로25길 17,37.512483,127.056314,먹거리,3,https://lh5.googleusercontent.com/p/AF1QipO3yzTa-H7tQywFH-DcrMSOggRYOjB12_7SRqmn=w408-h271-k-no,7,고급진 음식점,1
신미경홍대닭갈비,서울특별시 마포구 서교동 홍익로3길 32 2F,37.552971,126.921502,먹거리,3,https://lh5.googleusercontent.com/p/AF1QipM2Rv9Me9sBfer-QGnPSk3KRbsu1QXzRhYhUiUF=w408-h612-k-no,3,꼭 먹어봐야 할 닭갈비,1
효자베이커리,서울특별시 종로구 지하문로 15길 18,37.58074,126.96999,먹거리,1,https://lh5.googleusercontent.com/p/AF1QipMQhSOGx3lLX3HjNkaBAL9DWDvuSKPFf73iscN7=w408-h306-k-no,5,"세종마을은 추사 김정희 등 조선시대 예능인들이 모이는 중심지였으며 근대에도 이상 등 문인들이 활동하던 중심지였다. 일제강점기 일본인들을 위해 만들어진 공설시장이 모태이나 6.25이후 인구증가로 시장의 필요성이 높아져 현재처럼 물건을 사고파는 시장의 형태를 갖추게 되었다. 

통인시장은 상권이 활성화된 곳으로 다른 전통시장의 벤치마킹 사례로 유명하며 특히 통인시장에서 자체 제작한 엽전은 통인시장만의 즐길거리다. 엽전으로 환전함과 동시에 검은색 플라스틱 식판도 받게 되는데 이때부터 식판을 들고 다니면서 시장 곳곳을 다니며 음식을 먹을 수 있다. 단, 엽전은 가맹점에서만 사용 가능하다.",1
남산타워,서울특별시 용산구 남산공원길 105,37.551676,126.988211,관광명소,1,https://lh5.googleusercontent.com/p/AF1QipO6cEbp2x-DLbF8wfPyJkRINTp6Yo_K6zAvjcZn=w408-h544-k-no,1,"도심 속 로맨틱 아일랜드로 입지를 굳힌 남산서울타워는 예로부터 백년해로의 길지로 널리 알려진 남산(262m) 정상에 위치한 높이 236.7m의 탑으로, 해발 480m 위치에서 서울시를 360도 파노라마 뷰로 조망할 수 있는 최고의 전망을 자랑한다. 외국인이 선택한 관광 명소 1위로 꼽힌 바 있는 서울의 상징이자, 영원한 사랑을 꿈꾸는 전세계 연인들의 로맨스 성지이다. 연인들을 위한 로맨틱한 체험 콘텐츠 '사랑의 자물쇠'와 '하트 의자'가 큰 인기이다. 가족들을 위한 캐릭터 체험 전시관으로 '헬로키티아일랜드'와 '쎈토이뮤지엄&쇼룸' 등이 있다.또한 서울 전경을 바라보며 즐길 수 있는 미슐랭 스타쉐프가 선사하는 고품격 프렌치 코스 ‘엔그릴’, 30여종의 한식뷔페와 전통적인 한식 정찬 ‘한쿡’ 등 특별한 다이닝이 갖추어져 있다. 남산서울타워에서 특별한 젊음과 낭만이 함께 한다.",1
한양도성,서울특별시 종로구 욜곡로 283,37.565358,126.974623,관광명소,1,http://photo.hankooki.com/newsphoto/2016/07/21/eyoree201607211453520.jpg,3,"1392년 개성 수창궁(壽昌宮)에서 조선왕조를 개국한 태조는 즉위한 지 한 달도 못 되어 한양천도 계획을 명하고, 태조 4년(1395) 경복궁,
종묘, 사직단의 건립이 완성되자 곧바로 정도전(鄭道傳)이 수립한 도성축조 계획에 따라 한양도성을 수축하기 시작하였다.

한양도성은 북악산(342M), 낙산(125M), 남산(262M), 인왕산(338M)을 잇는 총 길이 59,500차(약 18.2km)로 평지는 토성, 산지는 산성으로 계획 되었다. 이 방대하고 시급한 사업을 농한기에 완성하기 위하여 이듬해인 1396년 1,2월 49일동안 전국에서 11만 8천명을 동원하여 성곽의 대부분을 완공하였고, 가을 농한기인 8,9월의 49일동안에 다시 79,400명을 동원하여 봄철에 못다 쌓은 동대문 구역을 완공하고 4대문과 4소문을 준공하였다.

그후 27년이 지나 세종은 한양도성을 전면 석성으로 수축하는 대대적인 보수 확장 사업을 벌여 세종 4년(1422) 12월 겨울 농한기에 전국에서 약 32만 명의 안부와 2,200명의 기술자를 동원하여 완공하였다. 당시 서울의 인구가 약 10만 명인 것을 감안하면 엄청난 공사였고, 사망자만 872명에 달했다.
이것이 지금 한양도성의 골격이다.

이후 한양도성을 재정비했던 숙종 30년(1704)까지 260년간 한양도성은 부분적인 보수만 있었을 뿐 큰 붕괴는 없었다.",1
DDP,서울특별시 중구 을지로 281,37.566746,127.008686,관광명소,1,https://lh5.googleusercontent.com/p/AF1QipMfppPZSeaKCuWV9Qq5b8-A2zumCM8C6qS9OECi=w408-h306-k-no,6,"‘동대문 패션 이야기, 3일의 기적'이라는 제목의 이 벽화는 패션상품의 디자인부터 생산, 도ㆍ소매 시장 유통, 소비의 과정이 3일 만에 이루어지는 동대문 패션타운의 이야기를 사진과 일러스트로 표현했다. 테마는 6개로, 디자인, 원단/부자재, 재단/봉재, 운반, 시장, 소비 등 동대문 패션상품이 소비자에게 선보이기 까지의 과정을 이야기한다. 

벽화는 동대문의 중심이자 야간조명이 있는 평화시장 벽면에 설치되어 야간에도 작품 감상이 가능하며 JW메리어트 동대문 스퀘어 서울, 흥인지문, 서울시티투어버스 등 동대문의 다양한 지점에서 바라볼 수 있다. 

벽화 ‘동대문 패션 이야기, 3일의 기적’은 동대문이 연간 250만 명 이상의 외국인이 방문하는 쇼핑 명소일 뿐만 아니라 디자인 상품의 생산과 유통까지 아우르는 역동적인 공간임을 소개하는 볼거리로 자리매김하여, 평화시장이 동대문의 새로운 관광명소가 되는 계기가 될 것으로 기대된다.",1
치킨,서울특별시 종로구 창신동 464-6,37.571243,127.010687,먹거리,1,https://geo2.ggpht.com/maps/photothumb/fd/v1?bpb=CicKJXNlYXJjaC5nd3MtcHJvZC9tYXBzL3Jldmdlb19hbmRfZmV0Y2gSIAoSCfWXelc6o3w1EcixZT0FTJq6KgoN0ulkFhXyS7RLGgYI8AEQmAM&gl=KR,7,한국에 오면 먹어야 하는 치느님,1
할리스커피,서울 용산구 이태원로 179 해밀톤관광호텔,37.534551,126.99424,커피,0,https://search.pstatic.net/common/?src=http%3A%2F%2Fblogfiles.naver.net%2FMjAxODA5MDVfMjAw%2FMDAxNTM2MTQ4MDIxMTUw.Qop2QyfxvJMLKfb4jHAUSjgILVjvR3s-0eVP_-FQtdsg.I4cjubVFpWAicWpuAaNamCgqoA0A9q4UbObWSjlAfKEg.JPEG.1004365ly%2FP20180831_100310070_6C4E3BF0-1978-4D20-9B9C-371D0F77C4FA.jpg,,,
"DubaiRestaurant
",서울특별시 용산구 이태원동 이태원로 192,37.534479,126.995349,먹거리,0,https://lh5.googleusercontent.com/p/AF1QipP6JA-F70JUVfT1A_MTL74euAlxTAxBGQy2Dy0=w493-h240-k-no,,,
할랄가이즈이태원본점,서울특별시 용산구 이태원1동 이태원로 187 이태원역 2번출구 2층,37.534666,126.994748,먹거리,0,https://lh5.googleusercontent.com/p/AF1QipNeqFZUNYPive9n9fkWr7WobOxe-0OIfPTiYe_t=w426-h240-k-no,,,
케르반,서울특별시 용산구 이태원1동 이태원로 192,37.534339,126.995352,먹거리,0,https://lh5.googleusercontent.com/p/AF1QipMraD7LxRb6dhO8NiY3FWRhovcVWTcNsuvZChAB=w408-h271-k-no,,,
"라그릴리아
",서울특별시 용산구 이태원1동 이태원로 200,37.534391,126.996182,먹거리,0,https://lh5.googleusercontent.com/p/AF1QipPxpnb9kRo5NNs_DRN4dLHjXLRLBiQx-kmlVdtf=w408-h306-k-no,,,
올댓재즈,서울특별시 용산구 이태원1동 이태원로27가길 12,37.535043,126.994569,바,0,https://lh5.googleusercontent.com/p/AF1QipNfV6UpKaSXIWDmRtyhl2Xvvl_1PYlvuYs18JI_=w408-h306-k-no,,,
프로스트,서울특별시 용산구 이태원1동 이태원로27가길 26,37.5351,126.993764,바,0,https://search.pstatic.net/common/?src=http%3A%2F%2Fldb.phinf.naver.net%2F20190419_122%2F1555661421643rQOwh_JPEG%2Fx_7KWep4oi4ghsUZ8I6Zxz5X.jpg,,,
썰스데이파티,서울특별시 용산구 이태원1동 이태원로27길 6,37.535018,126.995583,바,0,https://search.pstatic.net/common/?src=http%3A%2F%2Fblogfiles.naver.net%2FMjAxOTA4MjBfOTgg%2FMDAxNTY2MjI3MjE4NDI1.Js_XNYdKd_8v8q1Hd-lCWQImCO2t_U7dhi8k5kZcBgUg.7aHol2hWTvU3QnGb7UA_lW6AV8a01e7OI54TgW7QHFQg.JPEG.jjunyuny%2F3D26DCB6-57C1-4D47-8CC1-3C41A1F7C61E.jpeg,,,
인터시티서울호텔,서울특별시 강서구 마곡동 797-11번지,37.559601,126.835612,호텔,0,https://search.pstatic.net/common/?src=http%3A%2F%2Fmedia.hotelscombined.com%2FHI339952802.jpg&type=a540&quality=100,,,
그랜드하얏트서울,서울 용산구 소월로 322,37.539338,126.997219,호텔,0,https://search.pstatic.net/common/?src=http%3A%2F%2Fldb.phinf.naver.net%2F20180518_265%2F1526602962576AvINV_JPEG%2Fr1VQAtc6reQ3IwZmw58w87m3.jpg,,,
서울드래곤시티,서울 용산구 청파로20길 95 서울드래곤시티,37.53189,126.962852,호텔,0,https://search.pstatic.net/common/?src=http%3A%2F%2Fldb.phinf.naver.net%2F20180227_285%2F1519697670586zofY0_JPEG%2FUo-VrL7ESWLTwty_zglU4LTz.jpg,,,
반얀트리클럽&스파서울,서울 중구 장충단로 60,37.550085,127.000476,호텔,0,https://search.pstatic.net/common/?src=http%3A%2F%2Fldb.phinf.naver.net%2F20180312_32%2F1520833377912hBQuO_JPEG%2FmuGTksJDua4LKzozJte4m2Hj.jpg,,,
밀레니엄힐튼서울,서울 중구 소월로 50,37.55526,126.975876,호텔,0,https://search.pstatic.net/common/?src=http%3A%2F%2Fmedia.hotelscombined.com%2FHI586872119.jpg&type=a540&quality=100,,,
신라호텔,서울 중구 동호로 249,37.556514,127.006237,호텔,0,https://search.pstatic.net/common/?src=http%3A%2F%2Fmedia.hotelscombined.com%2FHI284738392.jpg&type=a540&quality=100,,,
그랜드앰배서더서울어소시에이티드위드풀만,서울 중구 동호로 287,37.560231,127.002457,호텔,0,https://www.ahstatic.com/photos/0966_ho_00_p_2048x1536.jpg,,,
더플라자,서울 중구 소공로 119,37.564642,126.978053,호텔,0,https://www.hoteltheplaza.com/sp4/img/thumb.jpg,,,
웨스틴조선호텔,서울 중구 소공로 106,37.564367,126.980104,호텔,0,https://post-phinf.pstatic.net/MjAxNzAxMjZfMTgy/MDAxNDg1MzkzNzEwMjAy.XRFcxdhkJFfx2AxPf0UWW4G8NpqhVO8kyYbOsihyMtAg.o7piDN-Wp9sxw9PnRETQhg9hYYy1BtWDTfaHL6jxmt0g.JPEG/%EC%9B%A8%EC%8A%A4%ED%8B%B4_%EC%A1%B0%EC%84%A0%ED%98%B8%ED%85%941.jpg?type=w1200,,,
JW메리어트 호텔 서울,서울 서초구 신반포로 176 JW 메리어트 호텔 서울,37.503862,127.004764,호텔,0,https://media.timeout.com/images/102513067/630/472/image.jpg,,,
더리버사이드 호텔,서울 서초구 강남대로107길 6 리버사이드호텔,37.518564,127.018158,호텔,0,http://gdimg.gmarket.co.kr/995978463/still/600?ver=1501839055,,,
안다즈서울강남,서울 강남구 논현로 854,37.525495,127.028921,호텔,0,https://r-cf.bstatic.com/images/hotel/max1024x768/224/224478146.jpg,,,
호텔아르누보서초,서울 서초구 서초대로 357,37.496134,127.020472,호텔,0,https://mblogthumb-phinf.pstatic.net/MjAxODA1MjVfNjcg/MDAxNTI3MjI1NDgxMjM5.6T7Hejy9oO8GCHiKC4jylN4yz5n2xNeisGrZtZ_7xO4g.rxYJ9fR-5kxp8N2WySLNFUdHwqm1vQRg2-4FfSGKir4g.JPEG.aah27/P20180519_144949892_27F61066-DE55-4C08-9F47-7A382EB2062D.JPG?type=w2,,,
쉐라톤서울팔래스강남호텔,서울 서초구 사평대로 160,37.500916,127.001801,호텔,0,https://q-cf.bstatic.com/images/hotel/max1024x768/177/177311579.jpg,,,
코트야드메리어트서울타임스퀘어,서울 영등포구 영중로 15 타임스퀘어,37.517082,126.903899,호텔,0,http://ssnuri.co.kr/data/editor/1805/5f7751ba73edf74b2932a25e5e9bae30_1526872573_2595.png,,,
페어필드바이메리어트서울호텔,서울 영등포구 경인로 870,37.516974,126.909149,호텔,0,http://www.hotelrestaurant.co.kr/data/photos/20180311/art_15209929249678_919976.jpg,,,
베니키아프리미어 여의도호텔,서울 영등포구 영등포로 389,37.513688,126.921567,호텔,0,http://www.benikea.co.kr/ezstock/1134/hotel/1134_main_800_400_1.jpg,,,
콘래드서울 호텔,서울 영등포구 국제금융로 10 서울 국제금융 센터,37.525449,126.926646,호텔,0,https://edge.media.datahc.com/HI194016900.jpg,,,
베스트웨스턴프리미어서울가든호텔,서울 마포구 마포대로 58 가든호텔,37.540702,126.94838,호텔,0,http://mblogthumb1.phinf.naver.net/MjAxNzAxMDNfNzkg/MDAxNDgzMzY5NTQ2Njg2.M0tWXyIV6cT71N7UZeHcfHr55z5jN4zAaLLPf71DiAkg.SVhS7G7IxlaUvdt_ViUC0nq7Lmlgc4VEa2oQz1squBMg.JPEG.nyj8701/IMG_8285.JPG?type=w800,,,
신라스테이,서울 마포구 마포대로 83,37.542787,126.949684,호텔,0,https://r-cf.bstatic.com/images/hotel/max1024x768/968/96860017.jpg,,,
르메르디앙서울,서울 강남구 봉은사로 120,37.504737,127.027558,호텔,0,http://www.hotelrestaurant.co.kr/data/photos/20180519/art_15258251198675_21632d.jpg,,,
라마다프라자서울호텔,서울 강남구 봉은사로 410,37.510328,127.045282,호텔,0,https://img.hotelpkg.com/445/740/0,,,
롯데호텔L7강남,서울 강남구 테헤란로 415,37.505695,127.051542,호텔,0,https://q-cf.bstatic.com/images/hotel/max1280x900/144/144269054.jpg,,,
청연재한옥호텔,서울 종로구 북촌로6길 13-2,37.580334,126.98564,호텔,0,https://r-cf.bstatic.com/images/hotel/max1024x768/163/163762102.jpg,,,
포시즌스호텔서울,서울 종로구 새문안로 97,37.570474,126.975552,호텔,0,"https://m.fourseasons.com/alt/img-opt/~70.1530.0,0000-194,9498-3000,0000-1687,5000/publish/content/dam/fourseasons/images/web/SKO/SKO_142_original.jpg",,,
롯데호텔월드,서울 송파구 올림픽로 240,37.511537,127.099995,호텔,0,https://www.lottehotel.com/content/dam/lotte-hotel/lotte/world/main/15838-151119-2000-mai-ltwo.jpg.thumb.480.480.jpg,,,
폴바셋경북궁점,서울 종로구 종로1길 50 더케이트윈타워 1층,37.57471,126.97904,카페,0,https://search.pstatic.net/common/?src=http%3A%2F%2Fblogfiles.naver.net%2F20160503_119%2Fyoritime_1462260427504SPqwn_JPEG%2F20160329_133147.jpg%23900x506,,,
꾸까,서울 종로구 율곡로 1 2층,37.536563,126.988553,카페,3,https://search.pstatic.net/common/?src=http%3A%2F%2Fblogfiles.naver.net%2FMjAxOTEyMjBfODkg%2FMDAxNTc2NzY5MDgzNTQw.krUiZmeuLZ9kDkjkqetUcPr7UvrTxDw7axNEJfqgY40g.S-gzxmYSK_4Yqat-m2eYoU-zdGDZgyU23LFrrhe0Adog.JPEG.myloverjoon%2F20191217_192651.jpg,5,분위기 깡패 커피샾,1
투썸플레이스경복궁,서울 종로구 율곡로 6 트윈트리빌딩 A동 1층,37.572936,126.980444,카페,0,https://search.pstatic.net/common/?src=http%3A%2F%2Fldb.phinf.naver.net%2F20190221_293%2F1550721611490446hp_JPEG%2FPn3m0yFnco1YnwgNCU2f9DYP.jpg,,,
미술관옆짚,서울 종로구 자하문로4길 22,37.57729,126.973475,카페,0,https://lh5.googleusercontent.com/p/AF1QipOm3cE8GtD7Z570DmYAcA2hvQSkUFlMYlQSJTll=w408-h306-k-no,,,
스타벅스시청플러스점,서울특별시 강남구 을지로1가 50 삼성 화재 삼성 빌딩 1 층,37.566272,126.980049,카페,0,https://lh5.googleusercontent.com/p/AF1QipNytjHDBW3HOsabHwlaEDiJh-8vRWqVoe88GE_o=w486-h240-k-no,,,
디초콜릿커피앤드,서울특별시 중구 명동 을지로 100 B101호,37.565748,126.988555,카페,0,https://lh6.googleusercontent.com/YMY3fSsyE1hS74gl5B9uCFRUtGvdv0nJvqdXHq20kgyfG0L3IuOI7wrybTN-ONDK=w426-h240-k-no,,,
커피빈을지로입구역점,서울특별시 중구 수하동 남대문로10길 6,37.566838,126.983228,카페,0,https://lh5.googleusercontent.com/p/AF1QipMEk-FDvtRXkO7XjZRTS93puig2Ihy9sg_rSBFp=w408-h306-k-no,,,
전광수커피하우스명동성당,서울특별시 중구 명동2가 명동길 74,37.563205,126.986791,카페,0,https://search.pstatic.net/common/?src=http%3A%2F%2Fldb.phinf.naver.net%2F20150901_240%2F1441107410784ubnia_JPEG%2F166660514729951_9.jpeg,,,
커피한약방,서울특별시 중구 명동 삼일대로12길 16-6,37.566533,126.988587,카페,1,https://search.pstatic.net/common/?src=http%3A%2F%2Fblogfiles.naver.net%2FMjAxOTExMTdfMTA4%2FMDAxNTczOTcwODE0NjEy.9D_i055yVcK4YOwxWQfYtABFywhYmkgHNKTVDlKbZ2Eg.giVz2ckKvg0bE-jD78Ptmh7QwQ9yNPDTPBdukZo59rgg.JPEG.heekyeung902%2F20191016_154222.jpg,4,빈티지한 커피샾,1
카페그냥그냥,서울 성북구 아리랑로5길 151,37.600603,127.011208,카페,0,https://lh5.googleusercontent.com/p/AF1QipOZXtn1Eo7ZXf5ql1WKfD0WcorWa497gMcz_GHR=w408-h306-k-no,,,
커피나무아래,서울 성북구 정릉로26길 61,37.602695,127.013112,카페,0,https://lh5.googleusercontent.com/p/AF1QipNNZAswDm5sOlSGgHIkOQ-VGbOJBvqP-aUFqs9V=w426-h240-k-no,,,
이디야커피정릉중앙점,서울 성북구 정릉로 251 명성빌딩,37.604664,127.011905,카페,0,https://search.pstatic.net/common/?src=http%3A%2F%2Fldb.phinf.naver.net%2F20170711_282%2F1499738599754pJSvu_JPEG%2F186661513339210_0.jpeg,,,
탐앤탐스탐스커버리,서울 강남구 봉은사로 543,37.514296,127.059324,카페,0,https://lh5.googleusercontent.com/p/AF1QipMAgYRg8G23r0_bMwb5O9_6WjM-R8Q2Il51iqBi=w408-h306-k-no,,,
룩아워티티컵,서울 강남구 영동대로 513 코엑스몰 B1 P108,37.50903,127.060991,카페,0,https://lh3.googleusercontent.com/vE0MY_SksPF-fLihYTfDf7mgTlQEUPFsJapADQefVrmcF8VUqKynrkpKv2KV6fbIig=w408-h607-k-no,,,
스타벅스코엑스사거리점,서울 강남구 영동대로 616,37.515332,127.060092,카페,0,https://lh5.googleusercontent.com/p/AF1QipM39-QtIS4P5RckKzaVHa8-_ajZCp9oOJLfpub9=w408-h544-k-no,,,
SM타운라이브러리카페,서울 강남구 봉은사로 524,37.510082,127.06025,카페,0,https://lh5.googleusercontent.com/p/AF1QipOt6FHB4kz99HSPpqY2T7TEHfCtrdNdjy1DHjEd=w408-h272-k-no,,,
"선
",서울 강남구 선릉로100길 1 선릉정릉,37.508355,127.049199,관광명소,0,https://lh5.googleusercontent.com/p/AF1QipNwLBe5CXuECarkyvf07KEe5LR2y4ud55Y7N7W5=w408-h306-k-no,0,,1
오더에스프레소,서울 강남구 봉은사로82길 27,37.51143,127.055442,커피,0,https://search.pstatic.net/common/?src=http%3A%2F%2Fblogfiles.naver.net%2FMjAxOTA4MDlfNzEg%2FMDAxNTY1Mjc4MDA1NDcy.am3M2CTr7wfdOu8-0QZskbD7FT8t1Q8R8TEkkOyXlx4g.qdMXqBbNwVMjOPD-kvKEp49I-Ko3F1Y3Z05m87QlLtog.JPEG.ifwawak%2FIMG_5968.JPG,,,
담다,서울 강남구 선릉로100길 24,37.506803,127.049067,커피,0,https://lh5.googleusercontent.com/p/AF1QipPTjgZnMMLW8ji-l-Y0TbkQ0pkXnFBXkbrI5kIc=w408-h544-k-no,,,
라원,서울 강남구 삼성로95길 33 1층,37.491106,127.124933,커피,0,https://search.pstatic.net/common/?src=http%3A%2F%2Fldb.phinf.naver.net%2F20190512_281%2F1557665768083gebOV_JPEG%2Fl_I98ViC5JBnEyTAtBV4O_bp.jpg,,,
스물다섯,서울 강남구 봉은사로68길 35-1 지하 1층,37.510093,127.051723,커피,2,https://lh5.googleusercontent.com/p/AF1QipP8mwiySO-l5eorSbbaaJ3kKZv5ISQGDKb3AV0=w408-h544-k-no,2,강남에 유명한 커피샾,1
삼성동커피볶는집,서울 강남구 봉은사로68길 49 진완빌딩,37.50925,127.05229,커피,0,https://lh5.googleusercontent.com/p/AF1QipOellsYqmY7_agT1dYpLa1uhXNyvogKaTBb-tiE=w426-h240-k-no,,,
언제리너스 ,서울 중구 소월로 3,37.559176,126.976295,커피,0,https://pds.joins.com/news/component/htmlphoto_mmdata/201309/29/htm_2013092922342050105011.JPG,,,
전쟁기념관,서울 용산구 이태원로 29 전쟁기념관,37.5365,126.977119,관광명소,0,https://search.pstatic.net/common/?src=http%3A%2F%2Fldb.phinf.naver.net%2F20140407_205%2F1396854136236rcWTa_JPEG%2F%25BC%25AD%25BF%25EF_%25C0%25FC%25C0%25EF%25B1%25E2%25B3%25E4%25B0%25FC_5.JPG%3Ftype%3Dm500_500,,,
커피나무,서울 용산구 이태원로 29 전쟁기념관,37.545518,126.970225,커피,0,https://lh5.googleusercontent.com/p/AF1QipORHoelIvnE8TKgShVGMa2SDEQgE0JEuax9x7QW=w408-h306-k-no,,,
뮤지엄카페,서울 용산구 이태원로 29 전쟁기념관,37.53662,126.977146,커피,0,https://lh5.googleusercontent.com/p/AF1QipOjLh3NF1mh_p4eJg1MuBMl7QqJTqApZQpvpNkN=w408-h306-k-no,,,
카데뜨,서울 용산구 한강대로 200-1 1층,37.536225,126.974639,커피,0,https://search.pstatic.net/common/?src=http%3A%2F%2Fldb.phinf.naver.net%2F20190821_156%2F1566380772657nWwbi_JPEG%2Fro9eAeQathjyoK7XuuyUnAbF.jpeg.jpg,,,
텐티북스,서울 용산구 이태원로 4,37.534987,126.974507,커피,0,https://lh5.googleusercontent.com/p/AF1QipM4hOBT_q7FNQ7ckhbZYXXM_qMovCGKPJWEvMtD=w408-h271-k-no,,,
탄탈라이즈,서울 용산구 이태원로20가길 7-6,37.533807,126.992659,커피,0,https://search.pstatic.net/common/?src=http%3A%2F%2Fldb.phinf.naver.net%2F20180219_30%2F1519006428527cigWh_PNG%2FzO9Nrs9FnaAp_4jjggzrWiNj.png,,,
탐앤탐스블랙 ,서울 용산구 이태원로 170 이태원쇼핑타운,37.534191,126.992719,커피,0,https://search.pstatic.net/common/?src=http%3A%2F%2Fblogfiles.naver.net%2FMjAxOTA2MTdfMTMy%2FMDAxNTYwNzY5MTAyNzgz.T0EQ4qcoO9GVM2ta8BFx0OKhTOhsRgAmM-gmsbkkmrsg.fbWHZYxOmmkfIzHHVpBT7MP0J2QAyc2kuKs5wEK7wMMg.JPEG.bbyong___%2FKakaoTalk_20190617_195249876.jpg,,,
Plant,서울 용산구 보광로 117 2층,37.533096,126.994225,커피,0,https://lh5.googleusercontent.com/p/AF1QipPxsGISB78fEAjgywYR7wm-OqRbaIx4rwSu99k0=w426-h240-k-no,,,
신당동떡볶이골목,서울특별시 신당동 퇴계로 76길,37.563411,127.015052,먹거리,0,https://geo2.ggpht.com/cbk?panoid=BC-Uoor4z_nfZIHvBtrPAQ&output=thumbnail&cb_client=search.gws-prod/maps/revgeo_and_fetch.gps&thumb=2&w=408&h=240&yaw=200&pitch=-20&thumbfov=100,,,
연남동,서울특별시 마포구 연남동,37.560953,126.925437,관광명소,0,https://lh5.googleusercontent.com/p/AF1QipPinLwfRvZY5ChWvdWaLxPn8aIaPyYvMrdqttur=w408-h306-k-no,,,
강남자하철지하상가,서울특별시 강남구 강남대로 396,37.49852,127.028007,쇼핑,0,https://lh5.googleusercontent.com/p/AF1QipNkz7EYB0VYsfONc5E5hApW7WXxz_hoIuKUwor0=w408-h306-k-no,,,
동대문패션타운,서울특별시 중구 장충단로 253,37.567754,127.00882,쇼핑,0,https://lh5.googleusercontent.com/p/AF1QipN62Wkh0r8MPqDFbnG245LpzbGSxSErCj4dmPMp=w426-h240-k-no,,,
신촌,서울특별시 서대문구 창천동,37.555783,126.936823,관광명소,0,https://lh6.googleusercontent.com/proxy/gJAMlDvT90-MfRs7kIiB_H0zBtOEU5Cf7Rf-7X9_Az_fsOZRgJdwJPLu4EgW4jfvPh0PlUkAinc2QKjPkCa92l61IqrTZixN105WxB8U6jjApfIpMX2pTTgi8D9b01GToAsvtMxMvzwgihRFmgCAVWThRiv0HQ=w408-h272-k-no,,,
"서울풍물시장,동묘",서울특별시 동대문구 천호대로4길 21,37.572671,127.025513,관광명소,0,https://lh5.googleusercontent.com/p/AF1QipOZpVFsA6yHLZOse-w2R_Lx_IF_9Ucgm4YlFfDp=w408-h408-k-no,,,
압구정로데오거리,서울특별시 강남구 언주로 172길,37.527585,127.040532,쇼핑,0,https://lh5.googleusercontent.com/p/AF1QipN_VCZyuzeZz6WL0YZPa-3OpL8wwnyyh0lJGJub=w408-h306-k-no,,,
여의도IFC,서울특별시 영등포구 국제금융로 10,37.524954,126.925295,쇼핑,0,https://lh5.googleusercontent.com/p/AF1QipN6AcvOUOSFHqhEavjVSBeyWjI06c3g99Lvs9WL=w426-h240-k-no,,,
청담동패션거리,서울특별시 강남구 압구정로 448,37.525521,127.044312,쇼핑,0,https://geo0.ggpht.com/cbk?panoid=aqOiPVcCPntOshkwk87AuA&output=thumbnail&cb_client=search.gws-prod.gps&thumb=2&w=408&h=240&yaw=208.92303&pitch=0&thumbfov=100,,,
가산디지털단지,서울특별시 금천구 디지털 9~10길,37.478385,126.886607,쇼핑,0,https://lh5.googleusercontent.com/p/AF1QipMQvu9NPZHnBUCn2rFz9huXMQ0N9j68CzEqrtuq=w426-h240-k-no,,,
서울약령시장,서울특별시 동대문구 약령중앙로 10,37.57897,127.037044,쇼핑,0,https://lh5.googleusercontent.com/p/AF1QipNAKOjvsvPKSQYPmVGhEo3is3TCQj8jWKE8Y_rV=w426-h240-k-no,,,
무지개분수,서울특별시 서초구 올림픽대로 683,37.512611,126.998024,관광명소,0,https://lh5.googleusercontent.com/p/AF1QipN9htJoYWxbO0xCy-FIXKYkf1fkE-bz4gqZIcyQ=w408-h306-k-no,,,
여의도한강,서울특별시 영등포구 여의동로 280,37.528444,126.934065,관광명소,0,https://lh5.googleusercontent.com/p/AF1QipMHvDBXzIW9qNIFZ_lvqOK4RuIrOuf8DdXnR9ku=w408-h306-k-no,,,
낙산공원,서울특별시 종로구 낙산길 41,37.580789,127.007338,관광명소,0,https://lh5.googleusercontent.com/p/AF1QipPW8Zxy38IxUNuybXYERDP-AGBhiA_iBd7JrLSr=w426-h240-k-no,,,
"63스퀘어",서울특별시 영등포구 63로 50,37.519538,126.940167,관광명소,0,https://lh5.googleusercontent.com/p/AF1QipPV6QkMOr4cqAKYQyB5ADYoQxyvHmkR8Wxxam-g=w408-h544-k-no,,,
밤도깨비야시장,서울특별시 영등포구 여의도동 84-9,37.531178,126.929085,먹거리,0,https://lh5.googleusercontent.com/p/AF1QipOJc9usHK-f_gAjjsVT7d4VvzambsQEujLpEwmg=w408-h306-k-no,,,
상암DMC/MBCWorld,서울특별시 마포구 상암동 1603,37.580244,126.890704,관광명소,0,https://lh5.googleusercontent.com/p/AF1QipO1VPrXFIhWU9T8hlPKiWpzCaaIZxoB4KQfF1Ji=w408-h272-k-no,,,
SM센터,서울특별시 강남구 삼성로 648,37.517933,127.051068,관광명소,2,https://lh5.googleusercontent.com/p/AF1QipPNat7Fi5NNX33PeqQklCsDVXJKzYoISqPArkUo=w426-h240-k-no,5,"전 세계 K-pop 팬들이라면 모를 수 없는 SM엔터테인먼트의 복합 문화 공간인 SMTOWN 코엑스 아티움. 특히 ‘SMTOWN 뮤지엄’과 초고화질 전광판 ‘SMTOWN 외벽 미디어’가 2018년 5월에 문을 열어 높은 관심을 모으고 있다.
3층에 자리한 SMTOWN 뮤지엄은 엔터테인먼트 기업 최초로 SM엔터테인먼트 소속 아티스트들의 탄생과 성장 과정을 집대성한 공간이다. 음악 앨범, 활동 모습, 의상과 소품, 비하인드 스토리 등을 감상할 수 있는 ‘SM ARCHIVE’(에스엠 아카이브), ‘SPECIAL EXHIBITION’(스페셜 엑시비션), ‘ARTIST GALLERY’(아티스트 갤러리) 등 다양한 전시가 마련되어 있다. 또한 SM 콘텐츠 제작 과정 관람, 증강현실(AR), VR 등 신기술을 활용한 SM 아티스트와의 가상 만남 등 K-pop팬들에게 색다른 경험과 즐거움을 선사하고 있다.",1
난타전용극장,서울특별시 마포구 양화로 16길 29 홍익몰,37.553048,126.921108,관광명소,0,https://lh5.googleusercontent.com/p/AF1QipPFgpzoGLLUoQNrt5E2i6zNS7HEY2KFscY34UX6=w408-h306-k-no,,,
강남관광한류체험관,서울특별시 강남구 압구정동 428,37.526659,127.027,관광명소,0,https://lh5.googleusercontent.com/p/AF1QipNEaR3LaXsd8FtZFI9XZpWNIOrcyvp6IEltuP5H=w426-h240-k-no,,,
K-StyleHub,서울특별시 중구 청계천로 40,37.568402,126.981627,관광명소,0,https://lh5.googleusercontent.com/p/AF1QipN581alQQcmkLpKjNsFTvNW__SX-3EUzZASvzhW=w408-h408-k-no,,,
그레뱅뮤지엄,서울특별시 중구 을지로 23 을지로 별관,37.566203,126.980439,관광명소,0,https://lh5.googleusercontent.com/p/AF1QipOjZ3A0wA9Rc9AktrzmDM25XqWtdFRkUc7U-1hW=w426-h240-k-no,,,
Klive,서울특별시 중구 을지로 264 롯데피트인 9층,37.565744,127.007072,관광명소,0,https://lh5.googleusercontent.com/p/AF1QipMc4G59SGIulAxyp8kP7p1LytuBp4N2nje2m--n=w408-h272-k-no,,,
월드컵공원,서울특별시 마포구 상암동 481-6,37.562259,126.895116,관광명소,0,https://lh5.googleusercontent.com/p/AF1QipM_u359MZqOHyOQMB3gtIxgDJRnn4h2F3UpELY=w426-h240-k-no,,,
석촌호수공원,서울특별시 송파구 잠실로 148,37.508986,127.102911,관광명소,0,https://lh5.googleusercontent.com/p/AF1QipPbQS-0ikvU-KsKthFATFJF5jf_PgqyIfZ6kKP5=w408-h272-k-no,,,
올림픽공원,서울특별시 송파구 올림픽로 424 올림픽공원,37.520648,127.12178,관광명소,0,https://lh5.googleusercontent.com/p/AF1QipNZge4tMM4hvz_GtiaY59UwbI8nriM1D-ehbykX=w426-h240-k-no,,,
서울숲,서울특별시 성동구 뚝섬로 273,37.544417,127.037221,관광명소,0,https://lh5.googleusercontent.com/p/AF1QipOLUECJXZJqEVIpnSuMWuoSs5_OJJKGZKNKEThs=w408-h272-k-no,,,
서울랜드,경기도 과천시 막계동 53 서울랜드,37.43419,127.020062,관광명소,0,https://lh5.googleusercontent.com/p/AF1QipP3GoHkW7jtXDDl9ZH3nK22PHQODdSdnJlqAYWN=w408-h283-k-no,,,
북서울꿈의숲,서울특별시 강북구 월계로 173 북서울꿈의숲,37.621418,127.040665,관광명소,0,https://lh5.googleusercontent.com/p/AF1QipOO44JnREuREsiv-h11Ce9kDu527_Q0nHFvuGis=w426-h240-k-no,,,
난지캠핑장,서울특별시 마포구 한강난지로 22,37.57037,126.87274,관광명소,0,https://lh5.googleusercontent.com/p/AF1QipMkUOQ21JrZg6Jbc483HJFzXjAYuirMH49rh2ge=w408-h306-k-no,,,
선유도공원,서울특별시 영등포구 선유로 343,37.543837,126.899644,관광명소,0,https://lh5.googleusercontent.com/p/AF1QipMbsno0_Zj8ziP1acMM_nT4jHECXGeJzxRXWueg=w426-h240-k-no,,,
스타벅스경복궁점,서울 종로구 새문안로5길 55,37.575007,126.973906,카페,0,https://search.pstatic.net/common/?src=http%3A%2F%2Fblogfiles.naver.net%2F20151226_103%2Fdeartasha_14511367649467xbO8_JPEG%2FDSC03900.JPG%23900x623,,,
고궁뜨락카페,서울 종로구 효자로 12 국립고궁박물관 1층,37.576745,126.974924,카페,0,https://search.pstatic.net/common/?src=http%3A%2F%2Fldb.phinf.naver.net%2F20190306_63%2F1551859756338SeDRW_JPEG%2FWfbsq8M5fY1770VPUqA6vLJw.jpg,,,
창덕궁,서울특별시 종로구 율곡로 99,37.579465,126.99097,관광명소,0,https://lh5.googleusercontent.com/proxy/kxL7ktpWLRKXQIJZjNCnXJ5LvmoTQPgPUnTvuhscTWCugZ8WdsBVDizVsTwBDz78D4a59PP0h7Ddy9TXJF3UEaS2xrplCKcPmPeyl9-eEZ3cMZ24MZKQRkNeFH2uX1Z108XT6l2q8GShPvs8Q0HXJF3tzHRoYdo=w435-h240-k-no,,,
종묘,서울특별시 종로구 훈정동 1,37.574872,126.9941,관광명소,0,https://lh5.googleusercontent.com/p/AF1QipMN5EeXj1lT3I1BDRawD1OaIy8mP480MgoBPTce=w408-h306-k-no,,,
북촌마을안내소,서울특별시 종로구 북촌로 5길 48,37.5807856,126.9831611,관광명소,0,https://lh5.googleusercontent.com/p/AF1QipPcgZ8DsDT9RlD-dfCeIDiOYxdssgcW1CdND3Q1=w408-h544-k-no,,,
인사동홍보관,서울특별시 종로구 인사동11길 19,37.5736368,126.9835776,관광명소,0,https://lh5.googleusercontent.com/p/AF1QipOu0vqNnhM9zkdy-nj6HjcPflbj0C8p7swAxw1k=w426-h240-k-no,,,
북인사관광안내소,서울특별시 종로구 인사동 길 62,37.5753661,126.9834891,관광명소,0,https://lh5.googleusercontent.com/p/AF1QipPbZv8fmCmtcBRC7Q7kzyiM_PH4VJJheTL_dhDb=w426-h240-k-no,,,
서초관광정보센터,"서울특별시 서초구 서초동 1318-7,11번지",37.4982506,127.0263649,관광명소,0,https://lh5.googleusercontent.com/p/AF1QipPRVhuLhZyXFaS0vNv05nUP_0lh1ANPaIrL1tfb=w408-h306-k-no,,,
송파관광정보센터,서울특별시 송파구 잠실로 180,37.5117343,37.5117343,관광명소,0,https://lh5.googleusercontent.com/p/AF1QipPZUvl_f0SUuRcrAoysre-zP8-VS8AVYy1PSpFg=w408-h725-k-no,,,
신촌플레이버스,서울특별시 서대문구 연세로 5길 11,37.556622,126.9350047,관광명소,0,https://geo1.ggpht.com/cbk?panoid=v_7Ax4ifoJw8DnBszDMT9w&output=thumbnail&cb_client=search.gws-prod/maps/local-details-getcard.gps&thumb=2&w=408&h=240&yaw=131.60344&pitch=0&thumbfov=100,,,
청계천,서울특별시 종로구 서린동 148,37.569168,126.977985,관광명소,0,https://lh5.googleusercontent.com/p/AF1QipOUHsYXEdSacA0HyyIZuawzez7Mv8Fzzl4y1RtF=w408-h306-k-no,,,
남대문시장,서울특별시 남대문시장 4길 21,37.55924,126.977656,관광명소,0,https://lh5.googleusercontent.com/p/AF1QipPV9apr4gmvX-gAit1ZqvqY5wt2JzixL-BsMl4H=w426-h240-k-no,3,,1
이태원,서울특별시 용산구 이태원1동 녹사평대로46길 16,37.534646,126.994617,관광명소,0,https://t1.daumcdn.net/cfile/tistory/996D77485A2FF05018,,,
명동성당,서울특별시 중구 명동길 74,37.563145,126.987242,관광명소,1,https://lh5.googleusercontent.com/p/AF1QipMoEZ0W2tW_Z8ZQBaqcJohaGkWWZuPTt-xZhvPy=w408-h407-k-no,2,"남대문시장이 오늘날과 같은 형태와 분위기를 가지게 된 데는 조선시대 초기에 형성되어 여러 역사적 사건들을 가친 영향이 매우 큽니다. 최초로 상업 활동이 이루어진 것은 태조 이성계가 남대문 일대에 시전행랑을 설치한 때부터입니다. 하지만 개화기인 1897년 도시 근대화 사업의 일환으로 조성되면서 선혜청 창내장이 남대문시장의 직접적인 시초가 되었습니다. 그리고 일제강점기에 친일파 및 일본인 지역 유지들이 남대문시장의 관리권을 가지며 서울 시내에서 가장 규모가 큰 시장으로 성장하였습니다. 이때 미곡, 과물, 어물 등의 식품류를 비롯하여 잡화 등을 판매하는 서민을 위한 시장뿐만 아니라 일본계 백화점 4곳이 위치하였습니다. 해방 이후에는 한국전쟁과 큰 화재로 많은 건물들이 전소되는 등 혼란을 겪었습니다. 이러한 상황 속에서 경찰과 세관의 단속을 피해 마치 도깨비가 나타났다 사라지듯 밀수 수입품, 군수품 등을 반짝 팔아치워 도깨비시장이라는 별명을 얻었습니다.",1
가로수길,서울특별시 강남구 신사동,37.520548,127.022955,관광명소,0,https://lh5.googleusercontent.com/p/AF1QipPthzhWpE8D9_9EXtyAxAnM4raaxN7mnd9miDGu=w408-h306-k-no,,,
롯데타워,서울특별시 송파구 올림픽로 240,37.513297,127.102775,관광명소,0,https://lh5.googleusercontent.com/p/AF1QipMGUSfiEVlpC7_fb-FWZqWkT5Wi-y5xTHThcZjx=w408-h755-k-no,,,
서초관광정보센터,서울특별시 중구 세종대로 110,37.498428,127.027091,관광명소,0,https://lh5.googleusercontent.com/p/AF1QipPRVhuLhZyXFaS0vNv05nUP_0lh1ANPaIrL1tfb=w408-h306-k-no,,,
광화문 광장,종로구 세종대로 172,37.574081,126.97678,관광명소,0,https://lh5.googleusercontent.com/p/AF1QipO5WrpD56fIEFhL8c6VOXLFjdeHzPpmGJac1vgD=w408-h271-k-no,,,
경의선숲길,서울특별시 마포구 동교동 147-89,37.558893,126.925425,관광명소,3,https://lh5.googleusercontent.com/p/AF1QipMLEINMY9qK25JQCDWx-XMy1vfWRn2rrjrGaVjV=w408-h408-k-no,1,"경의선 숲길은 경의선 철도가 지하화되면서 지상의 폐철로 구간을 시민들을 위한 산책로로 조성한 철길재생 녹지공원이다. 시민들을 위해 만들어진 공간인 만큼 교통편이 좋아 접근이 쉽고 풍부한 녹지 조성과 함께 다양한 복합 편의 시설이 조성되어 있어 자연과 함께 활기찬 도시 문화를 동시에 만끽할 수 있다. 서울 시민들의 휴식 공간으로 재탄생한 경의선 숲길에서는 가족과 오붓하게 산책을 하거나 친구, 연인과 함께 즐거운 시간을 보내는 서울 시민들을 만날 수 있다. 특히 100년의 역사를 간직한 기찻길 흔적을 따라 걸으며 서울의 옛 정취를 느낄 수 있고 인근의 홍대, 연남동 등 서울의 핫플레이스를 만날 수 있어 서울을 찾는 관광객들에게도 더할 나위 없이 좋은 워킹투어 코스다.",1
정동길,서울특별시 중구 정동길 2,37.567017,126.970813,관광명소,0,https://lh5.googleusercontent.com/p/AF1QipN_1mH8MyKrN9vd6Xu2ByvJbPH08uFb8O9Ud3Tx=w426-h240-k-no,,,
커먼그라운드,서울특별시 광진구 아차산로 200,37.540908,127.066003,관광명소,0,https://lh5.googleusercontent.com/p/AF1QipOYxXdVyX5nfoyZ-db5AGehuoSwoVYHUKGuLUVj=w408-h259-k-no,,,
경리단길,서울특별시 용산구 이태원동 210-65,37.538458,126.987546,관광명소,0,"https://www.google.com/maps/place/Gyeongridan-gil+Road/@37.538432,126.9875466,3a,75y,90t/data=!3m8!1e2!3m6!1sAF1QipO2VQ-cfUViNKGEuAoPT5haNAI8cG9-IOG7MHLA!2e10!3e12!6shttps:%2F%2Flh5.googleusercontent.com%2Fp%2FAF1QipO2VQ-cfUViNKGEuAoPT5haNAI8cG9-IOG7MHLA%3Dw203-h152-k-no!7i4032!8i3024!4m8!1m2!2m1!1z6rSA6rSRIOuqheyGjA!3m4!1s0x357ca24c2f9ff5d9:0xca18f574a0ffc729!8m2!3d37.538432!4d126.9875466#",,,
광장시장,서울특별시 종로구 창경궁로 88,37.570216,126.999305,먹거리,0,https://lh5.googleusercontent.com/p/AF1QipP5pgQEYxW2V9MuAHzOG-T_CzOO_kfPWhGy4R_z=w408-h272-k-no,,,
통인시장,서울특별시 종로구 지하문로 15길 18,37.58074,126.96999,먹거리,0,https://lh5.googleusercontent.com/p/AF1QipMQhSOGx3lLX3HjNkaBAL9DWDvuSKPFf73iscN7=w408-h306-k-no,,,
노량진수산시장,서울특별시 동작구 노들로 674,37.515451,126.940841,먹거리,0,https://lh5.googleusercontent.com/p/AF1QipOsPShz-qhZyPk2vSoF9VhP2_vTBtyBZVkStRHZ=w408-h272-k-no,,,
남대문,서울특별시 남대문시장 4길 42-1,37.559944,126.975345,관광명소,0,https://lh5.googleusercontent.com/proxy/iD93KR_9LyaJj_OOCQPgSWeAs1p9VUT527qp5nV6WnWWIHrZeRM6mUJ62cMWdLC2pZ-xTjopYzfuGtCleLZKAYJGVLZdlOx2K6g_ZDugrGH9EJC-o1Gl29SekFdG8hrIJMFQeg2AseXl0lXwNXK8oZ4IFR0XY7E=w408-h271-k-no,,,
프리마켓,서울특별시 와우산로 21길,37.552126,126.922982,쇼핑,3,https://lh5.googleusercontent.com/p/AF1QipM7haSG_3IsVNYh7dSfEEhnkKF4qIQ3jyJ3XSDX=w426-h240-k-no,6,"대안시장의 시초라고 할 수 있는 홍대앞 예술시장 프리마켓은 일상의 열린 공간에서 다양한 창작자들과 시민이 만나 소통하고 교류하는 자생예술시장이자 축제다. 참가등록 과정을 거치면 누구나 참가자로 활동할 수 있으며, 창작품을 가지고 단순히 전시-판매하는 것에 머물지 않고 그것을 매개로 다양한 사람과 소통하고 교류할 수 있다. 또한 'Afternoon Stage 프리마켓 공연'에 참여하여 음악, 춤, 퍼포먼스 등을 즐길 수 있으며, '생활창작투어' 프로그램에 참여하여 프리마켓을 더욱 자세히 살펴볼 수도 있다. 이외에도 시민들과 함께 작품을 만들고 작업과정을 공유하며 소통할 수 있는 '생활창작워크샵',  문화예술을 통해 사회적 이슈를 알리고 해결하고자 하는 단체(모임)의 다양한 활동을 소개할 수 있는 '사회적 연대 활동' 등 다채로운 프로그램에 참여할 수 있다. ",1
비보이전용극장,서울특별시 마포구 와우산로 121 삼진제약사옥,37.55345,126.926767,관광명소,3,https://lh5.googleusercontent.com/p/AF1QipO-xgZBfgEillL-1oiSNtxPvq9gtRWcdRZz2wXo=w426-h240-k-no,4,"넌버벌 공연 <비보이를 사랑한 발레리나>는 제목이 암시하듯이, 발레와 길거리 춤을 함께 보여준다. 남녀노소에 관계없이 <비보이를 사랑한 발레리나>는 모든 사회 장애의 관점을 보여주는데, 동료 관객과의 동지애를 느끼게 하고, 그들이 훨씬 더 큰 전체의 일부임을 깨닫게 한다",1
트릭아이미술관,서울특별시 마포구 서교동 홍익로3길 20,37.553575,126.921717,관광명소,3,https://lh5.googleusercontent.com/p/AF1QipOpq8TtpRiw3fAAhoQpAVc8gw_ZdhA5kyI_Ud_3=w408-h544-k-no,2,"트릭아이'는 트롱프뢰유(Trompe-l'oeil)의 영어식 표현으로 평면의 그림이 입체적으로 보이도록 착시를 일으키는 전통미술기법을 의미한다.

트릭아이뮤지엄은 관람객이 주인공이 되는 신개념의 문화 & 엔터테인먼트 공간으로, 미술작품 전시관으로는 세계 최초로 작품에 AR(증강현실)기술을 적용해 관람객에게 더욱 놀라운 경험을 제공하고 있다. 

작품과 적당한 거리를 두고 정해진 위치에서 찍으시면 놀라운 AR효과가 나타나며, 사진과 영상 촬영 둘 다 가능하다. 작품을 영상으로 찍으시면 더 실감나고 놀라운 증강현실을 즐길 수 있다.",1
